Variável,Tipo,Nº de Ausentes,Valores,Frequência por valor,Moda
C006 - Sexo,B,0,Mulher; Homem,"Mulher: 4541 (62,55%); Homem: 2719 (37,45%)",Mulher
C009 - Cor ou raça,N,0,Parda; Branca; Preta; Amarela; Indígena,"Parda: 3698 (50,94%); Branca: 2648 (36,47%); Preta: 809 (11,14%); Amarela: 58 (0,80%); Indígena: 47 (0,65%)",Parda
Q00201 - Diagnóstico de hipertensão arterial,B,20,Não; Sim,"Não: 4180 (57,73%); Sim: 3060 (42,27%)",Não
Q03001 - Diagnóstico de diabetes,B,94,Não; Sim,"Não: 6058 (84,54%); Sim: 1108 (15,46%)",Não
Q068 - Diagnóstico de AVC,B,0,Não; Sim,"Não: 7036 (96,91%); Sim: 224 (3,09%)",Não
Q074 - Diagnóstico de asma,B,0,Não; Sim,"Não: 6719 (92,55%); Sim: 541 (7,45%)",Não
Q079 - Diagnóstico de artrite/reumatismo,B,0,Não; Sim,"Não: 6250 (86,09%); Sim: 1010 (13,91%)",Não
Q084 - Diagnóstico de problema crônico de coluna,B,0,Não; Sim,"Não: 4835 (66,60%); Sim: 2425 (33,40%)",Não
Q092 - Diagnóstico de depressão,B,0,Não; Sim,"Não: 5924 (81,60%); Sim: 1336 (18,40%)",Não
Q11604 - Diagnóstico de doença pulmonar crônica,B,0,Não; Sim,"Não: 7114 (97,99%); Sim: 146 (2,01%)",Não
Q124 - Diagnóstico de insuficiência renal crônica,B,0,Não; Sim,"Não: 7065 (97,31%); Sim: 195 (2,69%)",Não
Q120 - Diagnóstico de câncer,B,0,Não; Sim,"Não: 7054 (97,16%); Sim: 206 (2,84%)",Não
N001 - Autoavaliação do estado de saúde,O,0,Muito boa; Boa; Regular; Ruim; Muito ruim,"Muito boa: 603 (8,31%); Boa: 2911 (40,10%); Regular: 2875 (39,60%); Ruim: 683 (9,41%); Muito ruim: 188 (2,59%)",Boa
V0001 - Unidade da Federação,N,0,São Paulo; Minas Gerais; Maranhão; Rio de Janeiro; Ceará; Sergipe; Bahia; Espírito Santo; Pará; Paraná; Pernambuco; Alagoas; Rio Grande do Sul; Santa Catarina; Paraíba; Rio Grande do Norte; Goiás; Piauí; Amazonas; Mato Grosso do Sul; Tocantins; Distrito Federal; Acre; Mato Grosso; Rondônia; Roraima; Amapá,"São Paulo: 537 (7,40%); Minas Gerais: 437 (6,02%); Maranhão: 405 (5,58%); Rio de Janeiro: 355 (4,89%); Ceará: 336 (4,63%); Sergipe: 336 (4,63%); Bahia: 336 (4,63%); Espírito Santo: 332 (4,57%); Pará: 310 (4,27%); Paraná: 307 (4,23%); Pernambuco: 292 (4,02%); Alagoas: 288 (3,97%); Rio Grande do Sul: 274 (3,77%); Santa Catarina: 272 (3,75%); Paraíba: 255 (3,51%); Rio Grande do Norte: 254 (3,50%); Goiás: 252 (3,47%); Piauí: 243 (3,35%); Amazonas: 229 (3,15%); Mato Grosso do Sul: 210 (2,89%); Tocantins: 161 (2,22%); Distrito Federal: 159 (2,19%); Acre: 155 (2,13%); Mato Grosso: 155 (2,13%); Rondônia: 136 (1,87%); Roraima: 124 (1,71%); Amapá: 110 (1,52%)",São Paulo
V0026 - Situação urbana/rural,B,0,Urbano; Rural,"Urbano: 5857 (80,67%); Rural: 1403 (19,33%)",Urbano
VDD004A - Escolaridade (nível de instrução mais elevado),O,0,Sem instrução; Fundamental incompleto ou equivalente; Fundamental completo ou equivalente; Médio incompleto ou equivalente; Médio completo ou equivalente; Superior incompleto ou equivalente; Superior completo,"Sem instrução: 380 (5,23%); Fundamental incompleto ou equivalente: 2342 (32,26%); Fundamental completo ou equivalente: 490 (6,75%); Médio incompleto ou equivalente: 329 (4,53%); Médio completo ou equivalente: 1947 (26,82%); Superior incompleto ou equivalente: 247 (3,40%); Superior completo: 1525 (21,01%)",Fundamental incompleto ou equivalente
VDE001 - Condição na força de trabalho,B,0,Pessoas na força de trabalho; Pessoas fora da força de trabalho,"Pessoas na força de trabalho: 5149 (70,92%); Pessoas fora da força de trabalho: 2111 (29,08%)",Pessoas na força de trabalho
VDE002 - Condição de ocupação,B,2111,Pessoas Ocupadas; Pessoas desocupadas,"Pessoas Ocupadas: 4873 (94,64%); Pessoas desocupadas: 276 (5,36%)",Pessoas Ocupadas
E001 - Trabalhou na semana de referência,B,0,Sim; Não,"Sim: 4389 (60,45%); Não: 2871 (39,55%)",Sim
I00102 - Possui plano de saúde médico,B,0,Não; Sim,"Não: 5157 (71,03%); Sim: 2103 (28,97%)",Não
J001 - Estado de saúde (avaliação geral do morador),O,0,Muito bom; Bom; Regular; Ruim; Muito ruim,"Muito bom: 651 (8,97%); Bom: 3000 (41,32%); Regular: 2770 (38,15%); Ruim: 662 (9,12%); Muito ruim: 177 (2,44%)",Bom
J009 - Procura sempre o mesmo local/médico de saúde,B,0,Sim; Não,"Sim: 5644 (77,74%); Não: 1616 (22,26%)",Sim
J01101 - Tempo desde a última consulta médica,O,0,Até 1 ano; Mais de 1 ano a 2 anos; Mais de 2 anos a 3 anos; Mais de 3 anos,"Até 1 ano: 6586 (90,72%); Mais de 1 ano a 2 anos: 412 (5,67%); Mais de 2 anos a 3 anos: 116 (1,60%); Mais de 3 anos: 146 (2,01%)",Até 1 ano
J014 - Procurou atendimento de saúde nas últimas 2 semanas,B,0,Não; Sim,"Não: 4844 (66,72%); Sim: 2416 (33,28%)",Não
P01001 - Vezes por dia que come verdura/legume,O,3328,Uma vez por dia (no almoço ou no jantar).; Duas vezes por dia (no almoço e no jantar).; Três vezes ou mais por dia.,"Uma vez por dia (no almoço ou no jantar).: 2596 (66,02%); Duas vezes por dia (no almoço e no jantar).: 1274 (32,40%); Três vezes ou mais por dia.: 62 (1,58%)",Uma vez por dia (no almoço ou no jantar).
P019 - Vezes por dia que come frutas,O,3811,Uma vez por dia; Duas vezes por dia; Três vezes ou mais por dia.,"Uma vez por dia: 1712 (49,64%); Duas vezes por dia: 1259 (36,50%); Três vezes ou mais por dia.: 478 (13,86%)",Uma vez por dia
P02401 - Tipo de leite que costuma tomar,N,2305,Integral; Desnatado ou semidesnatado.; Os dois tipos,"Integral: 3632 (73,30%); Desnatado ou semidesnatado.: 1013 (20,44%); Os dois tipos: 310 (6,26%)",Integral
P02601 - Percepção do consumo de sal,O,0,Muito alto; Alto; Adequado; Baixo; Muito baixo,"Muito alto: 127 (1,75%); Alto: 849 (11,69%); Adequado: 3955 (54,48%); Baixo: 1986 (27,36%); Muito baixo: 343 (4,72%)",Adequado
P034 - Praticou exercício/esporte nos últimos 3 meses,B,0,Não; Sim,"Não: 4031 (55,52%); Sim: 3229 (44,48%)",Não
P036 - Exercício/esporte praticado com mais frequência,N,4132,Caminhada (não vale para o trabalho); Musculação; Futebol; Corrida/cooper; Ginástica / localizada/pilates/alongamento/ioga; Ginástica aeróbica/spinning/step/jump; Bicicleta/bicicleta ergométrica; Caminhada em esteira; Outro; Dança (com o objetivo de praticar atividade física); Hidroginástica; Natação; Artes marciais e luta; Corrida em esteira; Voleibol; Tênis; Basquetebol,"Caminhada (não vale para o trabalho): 1574 (50,32%); Musculação: 494 (15,79%); Futebol: 212 (6,78%); Corrida/cooper: 125 (4,00%); Ginástica / localizada/pilates/alongamento/ioga: 124 (3,96%); Ginástica aeróbica/spinning/step/jump: 124 (3,96%); Bicicleta/bicicleta ergométrica: 118 (3,77%); Caminhada em esteira: 77 (2,46%); Outro: 67 (2,14%); Dança (com o objetivo de praticar atividade física): 65 (2,08%); Hidroginástica: 55 (1,76%); Natação: 31 (0,99%); Artes marciais e luta: 24 (0,77%); Corrida em esteira: 18 (0,58%); Voleibol: 15 (0,48%); Tênis: 4 (0,13%); Basquetebol: 1 (0,03%)",Caminhada (não vale para o trabalho)
P038 - Anda bastante a pé no trabalho,B,2387,Não; Sim,"Não: 2987 (61,30%); Sim: 1886 (38,70%)",Não
P04501 - Horas por dia assistindo TV (faixas),O,0,Menos de uma hora; De uma hora a menos de duas horas; De duas horas a menos de três horas; De três horas a menos de seis horas; Seis horas ou mais; Não assiste televisão,"Menos de uma hora: 1485 (20,45%); De uma hora a menos de duas horas: 2014 (27,74%); De duas horas a menos de três horas: 1623 (22,36%); De três horas a menos de seis horas: 1170 (16,12%); Seis horas ou mais: 404 (5,56%); Não assiste televisão: 564 (7,77%)",De uma hora a menos de duas horas
P04502 - Horas por dia de tela no tempo livre (faixas),O,0,"Menos de uma hora; De uma hora a menos de duas horas; De duas horas a menos de três horas; De três horas a menos de seis horas; Seis horas ou mais; Não costuma usar computador, tablet ou celular no tempo livre","Menos de uma hora: 1532 (21,10%); De uma hora a menos de duas horas: 1592 (21,93%); De duas horas a menos de três horas: 902 (12,42%); De três horas a menos de seis horas: 843 (11,61%); Seis horas ou mais: 448 (6,17%); Não costuma usar computador, tablet ou celular no tempo livre: 1943 (26,76%)","Não costuma usar computador, tablet ou celular no tempo livre"
P050 - Fuma atualmente,N,0,"Não fumo atualmente; Sim, diariamente; Sim, menos que diariamente","Não fumo atualmente: 6439 (88,69%); Sim, diariamente: 739 (10,18%); Sim, menos que diariamente: 82 (1,13%)",Não fumo atualmente
P052 - Já fumou no passado,N,821,"Não, nunca fumei; Sim, diariamente; Sim, menos que diariamente","Não, nunca fumei: 4232 (65,72%); Sim, diariamente: 1930 (29,97%); Sim, menos que diariamente: 277 (4,30%)","Não, nunca fumei"
P027 - Frequência de consumo de bebida alcoólica,O,0,Não bebo nunca; Menos de uma vez por mês; Uma vez ou mais por mês,"Não bebo nunca: 4259 (58,66%); Menos de uma vez por mês: 932 (12,84%); Uma vez ou mais por mês: 2069 (28,50%)",Não bebo nunca
P03201 - Consumo de 5+ doses em uma ocasião (últimos 30 dias),B,4259,Não; Sim,"Não: 1760 (58,65%); Sim: 1241 (41,35%)",Não
Q06306 - Diagnóstico de doença do coração,B,0,Não; Sim,"Não: 6609 (91,03%); Sim: 651 (8,97%)",Não
